ENABLED,FAC_OWNER,FAC_STATE,PIPE_CLASS,PIPE_MATERIAL,PIPE_MATERIAL_ABV,LINING_MATERIAL,MEASURED_LENGTH,PLACED_BY,MODIFIED_BY,DATE_PLACED,DATE_MODIFIED,DATE_INSTALLED,DATE_BURSTED,DATE_LINED,DATA_SOURCE,SUBTYPE,DS_PIPE_INVERT_ELEVATION,US_PIPE_INVERT_ELEVATION,SLOPE,HYPERLINK_PRIMARY,DATE_CCTV,PACP_SCORE,DATE_CLEANED,CMMS_ASSET_ID,RELATED_PLANT,CAPITAL_PROJECT_NUMBER,REHAB_HYPERLINK,WBID_NUMBER,WBID_NAME,FACILITY_STATE_NOTES,HYPERLINK_SECONDARY,HYPERLINK_MAINTENANCE,CLEANING_METHOD,CCTV_HYPERLINK,FORCE_MAIN_RUN,FM_MANIFOLD_SYS,GLOBALID,MANUFACTURER,CALC_LENGTH,AVAIL_NUM,PIPE_SIZE,CF_AS_BUILT,CF_MATERIAL,CF_DATE_INSTALLED,CF_LINING_MATERIAL,CF_SIZE,CF_DS_ELEVATION,CF_SLOPE,CF_US_ELEVATION,LINING_MANUFACTURER,DS_GRADE_ELEVATION_INVERT,ORIENTATION,US_GRADE_ELEVATION_INVERT,EQUIPMENT_ID,EQUIPMENT_ID_DESCRIPTION,EQUIPMENT_CONTAINER,RECEIVING_STATION,UPSTREAM_MANHOLE,DOWNSTREAM_MANHOLE,GIS_OID,SHAPE_Length
1,JEA,INS,SDR26 / PR160,PVC,PVC,Unknown,233,gamaaw,gamaaw,2022-12-21T00:00:00Z,2022-12-21T00:00:00Z,2022-05-01T00:00:00Z,NA,NA,86586-619,1,21.02,21.95,0.4,G:\Services\Shared\STANDARD\AsBuilts\WaterSewer\86000_86999\86586-619.pdf,NA,NA,NA,NA,WW-005,-999,NA,2130,PLUMMER CREEK,NA,NA,NA,NA,NA,NA,NA,{F1972EF9-D30A-4E2E-A5BB-BCA47797B304},Unknown,234.11362817,2020-2433,8,NA,As Built,As Built,Not Provided,As Built,As Built,As Built,As Built,Not Provided,25.76,UG,27.63,NA,NA,NA,NA,NA,NA,1538079,234.11362817375357
1,JEA,INS,SDR26 / PR160,PVC,PVC,Unknown,313,gamaaw,gamaaw,2022-12-21T00:00:00Z,2022-12-21T00:00:00Z,2022-05-01T00:00:00Z,NA,NA,86586-619,1,19.77,21.02,0.4,G:\Services\Shared\STANDARD\AsBuilts\WaterSewer\86000_86999\86586-619.pdf,NA,NA,NA,NA,WW-005,-999,NA,2142,UNNAMED SLOUGH,NA,NA,NA,NA,NA,NA,NA,{9016CDB8-178E-449F-9542-C2E57AB5CE4C},Unknown,311.64373534,2020-2433,8,NA,As Built,As Built,Not Provided,As Built,As Built,As Built,As Built,Not Provided,26.67,UG,25.076,NA,NA,NA,NA,NA,NA,1538080,311.6437353410322
1,JEA,INS,SDR26 / PR160,PVC,PVC,Unknown,248,gamaaw,gamaaw,2022-12-21T00:00:00Z,2022-12-21T00:00:00Z,2022-05-01T00:00:00Z,NA,NA,86586-619,1,16.44,17.44,0.4,G:\Services\Shared\STANDARD\AsBuilts\WaterSewer\86000_86999\86586-619.pdf,NA,NA,NA,NA,WW-005,-999,NA,2142,UNNAMED SLOUGH,NA,NA,NA,NA,NA,NA,NA,{D0025D23-E533-4F9C-BF33-4A395D3B3E46},Unknown,249.92781499,2020-2433,8,NA,As Built,As Built,Not Provided,As Built,As Built,As Built,As Built,Not Provided,26.39,UG,26.64,NA,NA,NA,NA,NA,NA,1538081,249.92781499374397
1,JEA,INS,SDR26 / PR160,PVC,PVC,Unknown,43,gamaaw,NA,2022-12-21T00:00:00Z,NA,2022-05-01T00:00:00Z,NA,NA,86586-619,1,17.5,17.85,0.81,G:\Services\Shared\STANDARD\AsBuilts\WaterSewer\86000_86999\86586-619.pdf,NA,NA,NA,NA,WW-005,-999,NA,2142,UNNAMED SLOUGH,NA,NA,NA,NA,NA,NA,NA,{1B0A4A09-B487-4B20-8717-36C1D3A7916C},Unknown,44.52715027,2020-2433,8,NA,As Built,As Built,Not Provided,As Built,As Built,As Built,As Built,Not Provided,26.64,UG,26.67,NA,NA,NA,NA,NA,NA,1538082,44.52715027483575
1,JEA,INS,SDR26 / PR160,PVC,PVC,Unknown,375,gamaaw,NA,2022-12-21T00:00:00Z,NA,2022-05-01T00:00:00Z,NA,NA,86586-619,1,17.89,19.25,0.36,G:\Services\Shared\STANDARD\AsBuilts\WaterSewer\86000_86999\86586-619.pdf,NA,NA,NA,NA,WW-005,-999,NA,2142,UNNAMED SLOUGH,NA,NA,NA,NA,NA,NA,NA,{6A866B43-405B-4945-AD94-42DF16466007},Unknown,373.06972473,2020-2433,8,NA,As Built,As Built,Not Provided,As Built,As Built,As Built,As Built,Not Provided,26.67,UG,27.19,NA,NA,NA,NA,NA,NA,1538083,373.06972473324504
1,JEA,INS,SDR26 / PR160,PVC,PVC,Unknown,161,gamaaw,NA,2022-12-21T00:00:00Z,NA,2022-05-01T00:00:00Z,NA,NA,86586-619,1,19.38,20.08,0.44,G:\Services\Shared\STANDARD\AsBuilts\WaterSewer\86000_86999\86586-619.pdf,NA,NA,NA,NA,WW-005,-999,NA,2142,UNNAMED SLOUGH,NA,NA,NA,NA,NA,NA,NA,{15B92A95-711D-4DA2-A5C8-C9529C05FC1C},Unknown,163.25709416,2020-2433,8,NA,As Built,As Built,Not Provided,As Built,As Built,As Built,As Built,Not Provided,27.19,UG,27.7,NA,NA,NA,NA,NA,NA,1538084,163.25709415958104
1,JEA,INS,SDR26 / PR160,PVC,PVC,Unknown,264,gamaaw,gamaaw,2022-12-21T00:00:00Z,2022-12-21T00:00:00Z,2022-05-01T00:00:00Z,NA,NA,86586-619,1,18.6,20.58,0.75,G:\Services\Shared\STANDARD\AsBuilts\WaterSewer\86000_86999\86586-619.pdf,NA,NA,NA,NA,WW-005,-999,NA,2142,UNNAMED SLOUGH,NA,NA,NA,NA,NA,NA,NA,{C213E03C-F9CE-487D-991D-5C3871356A60},Unknown,264.48022171,2020-2433,8,NA,As Built,As Built,Not Provided,As Built,As Built,As Built,As Built,Not Provided,26.39,UG,26.84,NA,NA,NA,NA,NA,NA,1538085,264.48022170660926
1,JEA,INS,SDR26 / PR160,PVC,PVC,Unknown,93,gamaaw,gamaaw,2022-12-21T00:00:00Z,2022-12-21T00:00:00Z,2022-05-01T00:00:00Z,NA,NA,86586-619,1,20.66,21.04,0.4,G:\Services\Shared\STANDARD\AsBuilts\WaterSewer\86000_86999\86586-619.pdf,NA,NA,NA,NA,WW-005,-999,NA,2130,PLUMMER CREEK,NA,NA,NA,NA,NA,NA,NA,{5C62A4E1-FD78-4884-AB35-FE93795A27F9},Unknown,96.34997699,2020-2433,8,NA,As Built,As Built,Not Provided,As Built,As Built,As Built,As Built,Not Provided,26.84,UG,26.6,NA,NA,NA,NA,NA,NA,1538086,96.34997699179173
1,JEA,INS,SDR26 / PR160,PVC,PVC,Unknown,98,gamaaw,gamaaw,2022-12-21T00:00:00Z,2023-12-12T00:00:00Z,2022-05-01T00:00:00Z,NA,NA,86586-619,1,19.39,19.97,0.59,G:\Services\Shared\STANDARD\AsBuilts\WaterSewer\86000_86999\86586-619.pdf,NA,NA,NA,NA,WW-005,-999,NA,2142,UNNAMED SLOUGH,NA,NA,NA,NA,NA,NA,NA,{57010503-94D3-4D3A-940E-6DA3C28D2365},Unknown,84.52908791,2020-2433,8,NA,As Built,As Built,Not Provided,As Built,As Built,As Built,As Built,Not Provided,27.19,UG,25.19,NA,NA,NA,NA,NA,NA,1538087,84.52908791463005
1,JEA,INS,SDR26 / PR160,PVC,PVC,Unknown,165,gamaaw,gamaaw,2022-12-21T00:00:00Z,2022-12-21T00:00:00Z,2022-05-01T00:00:00Z,NA,NA,86586-619,1,18.53,19.22,0.42,G:\Services\Shared\STANDARD\AsBuilts\WaterSewer\86000_86999\86586-619.pdf,NA,NA,NA,NA,WW-005,-999,NA,2142,UNNAMED SLOUGH,NA,NA,NA,NA,NA,NA,NA,{6AC66CB4-210A-48EF-A902-67D2A7DD85DE},Unknown,164.53918098,2020-2433,8,NA,As Built,As Built,Not Provided,As Built,As Built,As Built,As Built,Not Provided,26.64,UG,25.55,NA,NA,NA,NA,NA,NA,1538088,164.539180981627
1,JEA,INS,SDR26 / PR160,PVC,PVC,Unknown,326,gamaaw,gamaaw,2022-12-21T00:00:00Z,2022-12-21T00:00:00Z,2022-05-01T00:00:00Z,NA,NA,86586-619,1,15.17,16.36,0.36,G:\Services\Shared\STANDARD\AsBuilts\WaterSewer\86000_86999\86586-619.pdf,NA,NA,NA,NA,WW-005,-999,NA,2142,UNNAMED SLOUGH,NA,NA,NA,NA,NA,NA,NA,{96709396-1901-4690-AA8D-238A2DCF5EF9},Unknown,323.65797486,2020-2433,8,NA,As Built,As Built,Not Provided,As Built,As Built,As Built,As Built,Not Provided,26.06,UG,26.39,NA,NA,NA,NA,NA,NA,1538089,323.6579748557636
1,JEA,INS,SDR26 / PR160,PVC,PVC,Unknown,349,gamaaw,NA,2022-12-21T00:00:00Z,NA,2022-05-01T00:00:00Z,NA,NA,86586-619,1,13.76,15.12,0.39,G:\Services\Shared\STANDARD\AsBuilts\WaterSewer\86000_86999\86586-619.pdf,NA,NA,NA,NA,WW-005,-999,NA,2142,UNNAMED SLOUGH,NA,NA,NA,NA,NA,NA,NA,{4E9E1718-B764-49F6-8C51-F532F2879858},Unknown,350.07040851,2020-2433,8,NA,As Built,As Built,Not Provided,As Built,As Built,As Built,As Built,Not Provided,25.73,UG,26.06,NA,NA,NA,NA,NA,NA,1538090,350.07040850856424
1,JEA,INS,SDR26 / PR160,PVC,PVC,Unknown,199,gamaaw,gamaaw,2022-12-21T00:00:00Z,2022-12-21T00:00:00Z,2022-05-01T00:00:00Z,NA,NA,86586-619,1,19.68,20.61,0.47,G:\Services\Shared\STANDARD\AsBuilts\WaterSewer\86000_86999\86586-619.pdf,NA,NA,NA,NA,WW-005,-999,NA,2142,UNNAMED SLOUGH,NA,NA,NA,NA,NA,NA,NA,{77620CCB-A349-4692-9286-DCB483115B1B},Unknown,201.10255245,2020-2433,8,NA,As Built,As Built,Not Provided,As Built,As Built,As Built,As Built,Not Provided,25.73,UG,26.61,NA,NA,NA,NA,NA,NA,1538091,201.102552447045
1,JEA,INS,SDR26 / PR160,PVC,PVC,Unknown,267,gamaaw,gamaaw,2022-12-21T00:00:00Z,2022-12-21T00:00:00Z,2022-05-01T00:00:00Z,NA,NA,86586-619,1,20.28,21.36,0.4,G:\Services\Shared\STANDARD\AsBuilts\WaterSewer\86000_86999\86586-619.pdf,NA,NA,NA,NA,WW-005,-999,NA,2130,PLUMMER CREEK,NA,NA,NA,NA,NA,NA,NA,{B6211553-927A-4587-85F8-55AD7EF5E52B},Unknown,271.23205865,2020-2433,8,NA,As Built,As Built,Not Provided,As Built,As Built,As Built,As Built,Not Provided,25.66,UG,26.49,NA,NA,NA,NA,NA,NA,1538092,271.23205865435796
1,JEA,INS,SDR26 / PR160,PVC,PVC,Unknown,270,gamaaw,gamaaw,2022-12-21T00:00:00Z,2022-12-21T00:00:00Z,2022-05-01T00:00:00Z,NA,NA,86586-619,1,19.19,20.2,0.37,G:\Services\Shared\STANDARD\AsBuilts\WaterSewer\86000_86999\86586-619.pdf,NA,NA,NA,NA,WW-005,-999,NA,2130,PLUMMER CREEK,NA,NA,NA,NA,NA,NA,NA,{21C42DB6-AD41-4521-B97E-87D22BDDB161},Unknown,275.70944992,2020-2433,8,NA,As Built,As Built,Not Provided,As Built,As Built,As Built,As Built,Not Provided,26.3,UG,25.66,NA,NA,NA,NA,NA,NA,1538093,275.7094499156998
1,JEA,INS,SDR26 / PR160,PVC,PVC,Unknown,400,gamaaw,gamaaw,2022-12-21T00:00:00Z,2022-12-21T00:00:00Z,2022-05-01T00:00:00Z,NA,NA,86586-619,1,17.85,19.15,0.36,G:\Services\Shared\STANDARD\AsBuilts\WaterSewer\86000_86999\86586-619.pdf,NA,NA,NA,NA,WW-005,-999,NA,2142,UNNAMED SLOUGH,NA,NA,NA,NA,NA,NA,NA,{45C56508-F3C4-4EE7-9BDF-05B38473EEFC},Unknown,398.67060819,2020-2433,8,NA,As Built,As Built,Not Provided,As Built,As Built,As Built,As Built,Not Provided,26.6,UG,26.3,NA,NA,NA,NA,NA,NA,1538094,398.67060818527125
1,JEA,INS,SDR26 / PR160,PVC,PVC,Unknown,104,gamaaw,gamaaw,2022-12-21T00:00:00Z,2022-12-21T00:00:00Z,2022-05-01T00:00:00Z,NA,NA,86586-619,1,17.32,17.73,0.37,G:\Services\Shared\STANDARD\AsBuilts\WaterSewer\86000_86999\86586-619.pdf,NA,NA,NA,NA,WW-005,-999,NA,2142,UNNAMED SLOUGH,NA,NA,NA,NA,NA,NA,NA,{456C3EB2-FBED-4EA8-9D78-950504027529},Unknown,104.8910523,2020-2433,8,NA,As Built,As Built,Not Provided,As Built,As Built,As Built,As Built,Not Provided,26.08,UG,26.6,NA,NA,NA,NA,NA,NA,1538095,104.89105230092663
1,JEA,INS,SDR26 / PR160,PVC,PVC,Unknown,89,gamaaw,NA,2022-12-21T00:00:00Z,NA,2022-05-01T00:00:00Z,NA,NA,86586-619,1,16.92,17.26,0.38,G:\Services\Shared\STANDARD\AsBuilts\WaterSewer\86000_86999\86586-619.pdf,NA,NA,NA,NA,WW-005,-999,NA,2142,UNNAMED SLOUGH,NA,NA,NA,NA,NA,NA,NA,{A457B91F-BB59-48A3-B7AA-077D9BA9AC6A},Unknown,90.80671773,2020-2433,8,NA,As Built,As Built,Not Provided,As Built,As Built,As Built,As Built,Not Provided,25.1,UG,26.08,NA,NA,NA,NA,NA,NA,1538096,90.80671773004589
1,JEA,INS,SDR26 / PR160,PVC,PVC,Unknown,127,gamaaw,NA,2022-12-21T00:00:00Z,NA,2022-05-01T00:00:00Z,NA,NA,86586-619,1,16.37,16.88,0.4,G:\Services\Shared\STANDARD\AsBuilts\WaterSewer\86000_86999\86586-619.pdf,NA,NA,NA,NA,WW-005,-999,NA,2142,UNNAMED SLOUGH,NA,NA,NA,NA,NA,NA,NA,{C876285F-92C3-4825-A79D-C5AFC657938E},Unknown,127.57939424,2020-2433,8,NA,As Built,As Built,Not Provided,As Built,As Built,As Built,As Built,Not Provided,25.43,UG,25.1,NA,NA,NA,NA,NA,NA,1538097,127.57939423865938
1,JEA,INS,SDR26 / PR160,PVC,PVC,Unknown,126,gamaaw,NA,2022-12-21T00:00:00Z,NA,2022-05-01T00:00:00Z,NA,NA,86586-619,1,13.37,13.88,0.36,G:\Services\Shared\STANDARD\AsBuilts\WaterSewer\86000_86999\86586-619.pdf,NA,NA,NA,NA,WW-005,-999,NA,2142,UNNAMED SLOUGH,NA,NA,NA,NA,NA,NA,NA,{489A15E5-3B52-4504-B88F-8A6CE6ABDBDC},Unknown,126.65805025,2020-2433,8,NA,As Built,As Built,Not Provided,As Built,As Built,As Built,As Built,Not Provided,25.51,UG,25.73,NA,NA,NA,NA,NA,NA,1538098,126.65805024927484
1,JEA,INS,SDR26 / PR160,PVC,PVC,Unknown,249,gamaaw,NA,2022-12-21T00:00:00Z,NA,2022-05-01T00:00:00Z,NA,NA,86586-619,1,12.33,13.34,0.46,G:\Services\Shared\STANDARD\AsBuilts\WaterSewer\86000_86999\86586-619.pdf,NA,NA,NA,NA,WW-005,-999,NA,2142,UNNAMED SLOUGH,NA,NA,NA,NA,NA,NA,NA,{03FA4207-434D-4380-9895-73AB392D11F7},Unknown,247.84534678,2020-2433,8,NA,As Built,As Built,Not Provided,As Built,As Built,As Built,As Built,Not Provided,25.43,UG,25.51,NA,NA,NA,NA,NA,NA,1538099,247.84534677590221
1,JEA,INS,SDR26 / PR160,PVC,PVC,Unknown,249,gamaaw,NA,2022-12-21T00:00:00Z,NA,2022-05-01T00:00:00Z,NA,NA,86586-619,1,17.46,18.47,0.4,G:\Services\Shared\STANDARD\AsBuilts\WaterSewer\86000_86999\86586-619.pdf,NA,NA,NA,NA,WW-005,-999,NA,2142,UNNAMED SLOUGH,NA,NA,NA,NA,NA,NA,NA,{AC688019-DCB4-4B06-9015-DFA78F0133F2},Unknown,249.89027471,2020-2433,8,NA,As Built,As Built,Not Provided,As Built,As Built,As Built,As Built,Not Provided,25.43,UG,25.51,NA,NA,NA,NA,NA,NA,1538100,249.89027471390133
1,JEA,INS,SDR26 / PR160,PVC,PVC,Unknown,390,gamaaw,NA,2022-12-21T00:00:00Z,NA,2022-05-01T00:00:00Z,NA,NA,86586-619,1,10.74,12.37,0.42,G:\Services\Shared\STANDARD\AsBuilts\WaterSewer\86000_86999\86586-619.pdf,NA,NA,NA,NA,WW-005,-999,NA,2142,UNNAMED SLOUGH,NA,NA,NA,NA,NA,NA,NA,{C2C539BB-2745-4E59-B8E8-D058943E7BE5},Unknown,390.37898236,2020-2433,8,NA,As Built,As Built,Not Provided,As Built,As Built,As Built,As Built,Not Provided,25.43,UG,23.92,NA,NA,NA,NA,NA,NA,1538101,390.378982360538
1,JEA,INS,SDR26 / PR160,PVC,PVC,Unknown,154,gamaaw,NA,2022-12-21T00:00:00Z,NA,2022-05-01T00:00:00Z,NA,NA,86586-619,1,12.4,12.95,0.36,G:\Services\Shared\STANDARD\AsBuilts\WaterSewer\86000_86999\86586-619.pdf,NA,NA,NA,NA,WW-005,-999,NA,2142,UNNAMED SLOUGH,NA,NA,NA,NA,NA,NA,NA,{D9F72E22-DB9B-4D2F-9E9F-38DEAC7D15FD},Unknown,159.64081307,2020-2433,8,NA,As Built,As Built,Not Provided,As Built,As Built,As Built,As Built,Not Provided,23.92,UG,23.32,NA,NA,NA,NA,NA,NA,1538102,159.64081306818184
1,JEA,INS,SDR26 / PR160,PVC,PVC,Unknown,126,gamaaw,NA,2022-12-21T00:00:00Z,NA,2022-05-01T00:00:00Z,NA,NA,86586-619,1,10.21,10.69,0.38,G:\Services\Shared\STANDARD\AsBuilts\WaterSewer\86000_86999\86586-619.pdf,NA,NA,NA,NA,WW-005,-999,NA,2142,UNNAMED SLOUGH,NA,NA,NA,NA,NA,NA,NA,{2857AFBC-D37D-4B2A-92FE-1505630886A0},Unknown,123.6494523,2020-2433,8,NA,As Built,As Built,Not Provided,As Built,As Built,As Built,As Built,Not Provided,24.15,UG,25.43,NA,NA,NA,NA,NA,NA,1538103,123.6494523047705
1,JEA,INS,SDR26 / PR160,PVC,PVC,Unknown,146,gamaaw,NA,2022-12-21T00:00:00Z,NA,2022-05-01T00:00:00Z,NA,NA,86586-619,1,9.5,10.14,0.43,G:\Services\Shared\STANDARD\AsBuilts\WaterSewer\86000_86999\86586-619.pdf,NA,NA,NA,NA,WW-005,-999,NA,2142,UNNAMED SLOUGH,NA,NA,NA,NA,NA,NA,NA,{DEEF2BBB-E904-457B-8B6A-8609657B732C},Unknown,147.78321954,2020-2433,8,NA,As Built,As Built,Not Provided,As Built,As Built,As Built,As Built,Not Provided,23.12,UG,24.15,NA,NA,NA,NA,NA,NA,1538104,147.78321954352793
1,JEA,INS,SDR26 / PR160,PVC,PVC,Unknown,46,gamaaw,NA,2022-12-21T00:00:00Z,NA,2022-05-01T00:00:00Z,NA,NA,86586-619,1,8.75,8.99,0.52,G:\Services\Shared\STANDARD\AsBuilts\WaterSewer\86000_86999\86586-619.pdf,NA,NA,NA,NA,WW-005,-999,NA,2142,UNNAMED SLOUGH,NA,NA,NA,NA,NA,NA,NA,{90E09CAF-B380-4E94-9D5D-988033CC31FB},Unknown,49.60516323,2020-2433,8,NA,As Built,As Built,Not Provided,As Built,As Built,As Built,As Built,Not Provided,23.49,UG,23.12,NA,NA,NA,NA,NA,NA,1538105,49.6051632274923
1,JEA,INS,SDR26 / PR160,PVC,PVC,Unknown,34,gamaaw,NA,2022-12-21T00:00:00Z,2024-07-24T00:00:00Z,2022-05-01T00:00:00Z,NA,NA,86586-619,1,8.76,8.7,0.47,G:\Services\Shared\STANDARD\AsBuilts\WaterSewer\86000_86999\86586-619.pdf,NA,NA,NA,NA,WW-005,-999,NA,2142,UNNAMED SLOUGH,NA,NA,NA,NA,NA,NA,NA,{B1C72061-01B7-4227-848A-E1BDF21621B2},Unknown,30.82666963,2020-2433,8,NA,As Built,As Built,Not Provided,As Built,As Built,As Built,As Built,Not Provided,23.74,UG,23.49,NA,NA,NA,NA,NA,NA,1538106,30.82666962583126
1,JEA,INS,SDR26 / PR160,PVC,PVC,Unknown,210,gamaaw,gamaaw,2023-05-30T00:00:00Z,2023-05-30T00:00:00Z,2023-01-01T00:00:00Z,NA,NA,88753-80,1,16.21,16.95,0.35,G:\Services\Shared\STANDARD\AsBuilts\WaterSewer\88000_88999\88753-80.pdf,NA,NA,NA,NA,WW-005,-999,NA,2142,UNNAMED SLOUGH,NA,NA,NA,NA,NA,NA,NA,{A708116A-0342-46D0-ADDA-A14239568A30},National Pipe & Plastics/National PVC,207.33700542,2020-2433,8,NA,As Built,As Built,Not Provided,As Built,As Built,As Built,As Built,Not Provided,22.87,UG,23.37,NA,NA,NA,NA,NA,NA,1628479,207.33700541849802
1,JEA,INS,SDR26 / PR160,PVC,PVC,Unknown,210,gamaaw,gamaaw,2023-05-30T00:00:00Z,2023-05-30T00:00:00Z,2023-01-01T00:00:00Z,NA,NA,88753-80,1,10.42,11.16,0.35,G:\Services\Shared\STANDARD\AsBuilts\WaterSewer\88000_88999\88753-80.pdf,NA,NA,NA,NA,WW-005,-999,NA,2142,UNNAMED SLOUGH,NA,NA,NA,NA,NA,NA,NA,{58E4F173-D366-4BFC-9985-E38B9E557E85},National Pipe & Plastics/National PVC,210.47202957,2020-2433,8,NA,As Built,As Built,Not Provided,As Built,As Built,As Built,As Built,Not Provided,22.87,UG,23.37,NA,NA,NA,NA,NA,NA,1628480,210.47202956955567
1,JEA,INS,SDR26 / PR160,PVC,PVC,Unknown,129,gamaaw,gamaaw,2023-05-30T00:00:00Z,2023-05-30T00:00:00Z,2023-01-01T00:00:00Z,NA,NA,88753-80,1,11.18,11.63,0.35,G:\Services\Shared\STANDARD\AsBuilts\WaterSewer\88000_88999\88753-80.pdf,NA,NA,NA,NA,WW-005,-999,NA,2142,UNNAMED SLOUGH,NA,NA,NA,NA,NA,NA,NA,{23DD8C5C-CDCA-489C-AA53-E7712E4247FC},National Pipe & Plastics/National PVC,131.91759535,2020-2433,8,NA,As Built,As Built,Not Provided,As Built,As Built,As Built,As Built,Not Provided,23.37,UG,23.17,NA,NA,NA,NA,NA,NA,1628481,131.91759534886992
1,JEA,INS,SDR26 / PR160,PVC,PVC,Unknown,194,gamaaw,gamaaw,2023-05-30T00:00:00Z,2023-05-30T00:00:00Z,2023-01-01T00:00:00Z,NA,NA,88753-80,1,11.64,12.32,0.35,G:\Services\Shared\STANDARD\AsBuilts\WaterSewer\88000_88999\88753-80.pdf,NA,NA,NA,NA,WW-005,-999,NA,2142,UNNAMED SLOUGH,NA,NA,NA,NA,NA,NA,NA,{53C6B1C0-A698-4D0B-9B08-620B046FE2D9},National Pipe & Plastics/National PVC,195.07264952,2020-2433,8,NA,As Built,As Built,Not Provided,As Built,As Built,As Built,As Built,Not Provided,23.17,UG,23.77,NA,NA,NA,NA,NA,NA,1628482,195.07264952212475
1,JEA,INS,SDR26 / PR160,PVC,PVC,Unknown,123,gamaaw,gamaaw,2023-05-30T00:00:00Z,2023-05-30T00:00:00Z,2023-01-01T00:00:00Z,NA,NA,88753-80,1,12.35,12.84,0.39,G:\Services\Shared\STANDARD\AsBuilts\WaterSewer\88000_88999\88753-80.pdf,NA,NA,NA,NA,WW-005,-999,NA,2142,UNNAMED SLOUGH,NA,NA,NA,NA,NA,NA,NA,{9FD9D0B8-7BB9-4AC1-BD46-8E35DD2F17D5},National Pipe & Plastics/National PVC,118.03038598,2020-2433,8,NA,As Built,As Built,Not Provided,As Built,As Built,As Built,As Built,Not Provided,23.77,UG,23.55,NA,NA,NA,NA,NA,NA,1628483,118.03038598380046
1,JEA,INS,SDR26 / PR160,PVC,PVC,Unknown,123,gamaaw,gamaaw,2023-05-30T00:00:00Z,2023-05-30T00:00:00Z,2023-01-01T00:00:00Z,NA,NA,88753-80,1,12.91,13.34,0.35,G:\Services\Shared\STANDARD\AsBuilts\WaterSewer\88000_88999\88753-80.pdf,NA,NA,NA,NA,WW-005,-999,NA,2142,UNNAMED SLOUGH,NA,NA,NA,NA,NA,NA,NA,{94B40A6F-12DC-463D-880D-D0E236F31451},National Pipe & Plastics/National PVC,124.26553134,2020-2433,8,NA,As Built,As Built,Not Provided,As Built,As Built,As Built,As Built,Not Provided,23.55,UG,23.12,NA,NA,NA,NA,NA,NA,1628484,124.26553133752624
1,JEA,INS,SDR26 / PR160,PVC,PVC,Unknown,273,gamaaw,gamaaw,2023-05-30T00:00:00Z,2023-05-30T00:00:00Z,2023-01-01T00:00:00Z,NA,NA,88753-80,1,13.43,14.47,0.38,G:\Services\Shared\STANDARD\AsBuilts\WaterSewer\88000_88999\88753-80.pdf,NA,NA,NA,NA,WW-005,-999,NA,2142,UNNAMED SLOUGH,NA,NA,NA,NA,NA,NA,NA,{9AAE9780-2B2E-4F4A-8EAA-950B002805CB},National Pipe & Plastics/National PVC,273.36570882,2020-2433,8,NA,As Built,As Built,Not Provided,As Built,As Built,As Built,As Built,Not Provided,23.12,UG,23.67,NA,NA,NA,NA,NA,NA,1628485,273.3657088163791
1,JEA,INS,SDR26 / PR160,PVC,PVC,Unknown,394,gamaaw,gamaaw,2023-05-30T00:00:00Z,2023-05-30T00:00:00Z,2023-01-01T00:00:00Z,NA,NA,88753-80,1,15.88,14.5,0.35,G:\Services\Shared\STANDARD\AsBuilts\WaterSewer\88000_88999\88753-80.pdf,NA,NA,NA,NA,WW-005,-999,NA,2142,UNNAMED SLOUGH,NA,NA,NA,NA,NA,NA,NA,{278547E1-67A4-4F2A-974E-D1C80BA35300},National Pipe & Plastics/National PVC,393.28238122,2020-2433,8,NA,As Built,As Built,Not Provided,As Built,As Built,As Built,As Built,Not Provided,23.67,UG,23.24,NA,NA,NA,NA,NA,NA,1628486,393.2823812195428
1,JEA,INS,SDR26 / PR160,PVC,PVC,Unknown,130,gamaaw,gamaaw,2023-05-30T00:00:00Z,2023-05-30T00:00:00Z,2023-01-01T00:00:00Z,NA,NA,88753-80,1,16.39,15.89,0.38,G:\Services\Shared\STANDARD\AsBuilts\WaterSewer\88000_88999\88753-80.pdf,NA,NA,NA,NA,WW-005,-999,NA,2142,UNNAMED SLOUGH,NA,NA,NA,NA,NA,NA,NA,{14CA36B3-F9B6-4B6D-9356-765083632399},National Pipe & Plastics/National PVC,130.32260559,2020-2433,8,NA,As Built,As Built,Not Provided,As Built,As Built,As Built,As Built,Not Provided,23.24,UG,23.76,NA,NA,NA,NA,NA,NA,1628487,130.3226055854425
1,JEA,INS,SDR26 / PR160,PVC,PVC,Unknown,276,gamaaw,gamaaw,2023-05-30T00:00:00Z,2023-05-30T00:00:00Z,2023-01-01T00:00:00Z,NA,NA,88753-80,1,17.46,16.43,0.37,G:\Services\Shared\STANDARD\AsBuilts\WaterSewer\88000_88999\88753-80.pdf,NA,NA,NA,NA,WW-005,-999,NA,2142,UNNAMED SLOUGH,NA,NA,NA,NA,NA,NA,NA,{73B397C2-8155-4DD2-A3ED-0F8EF147CCD7},National Pipe & Plastics/National PVC,275.31783329,2020-2433,8,NA,As Built,As Built,Not Provided,As Built,As Built,As Built,As Built,Not Provided,23.76,UG,23.37,NA,NA,NA,NA,NA,NA,1628488,275.3178332929238
1,JEA,INS,SDR26 / PR160,PVC,PVC,Unknown,274,gamaaw,gamaaw,2023-05-30T00:00:00Z,2023-05-30T00:00:00Z,2023-01-01T00:00:00Z,NA,NA,88753-80,1,16.89,17.86,0.35,G:\Services\Shared\STANDARD\AsBuilts\WaterSewer\88000_88999\88753-80.pdf,NA,NA,NA,NA,WW-005,-999,NA,2142,UNNAMED SLOUGH,NA,NA,NA,NA,NA,NA,NA,{C960A9E6-CEF7-419D-8FE9-29FC01EC9A54},National Pipe & Plastics/National PVC,274.63212087,2020-2433,8,NA,As Built,As Built,Not Provided,As Built,As Built,As Built,As Built,Not Provided,23.22,UG,22.07,NA,NA,NA,NA,NA,NA,1628489,274.63212086716163
1,JEA,INS,SDR26 / PR160,PVC,PVC,Unknown,109,gamaaw,gamaaw,2023-05-30T00:00:00Z,2023-05-30T00:00:00Z,2023-01-01T00:00:00Z,NA,NA,88753-80,1,16.89,16.5,0.35,G:\Services\Shared\STANDARD\AsBuilts\WaterSewer\88000_88999\88753-80.pdf,NA,NA,NA,NA,WW-005,-999,NA,2142,UNNAMED SLOUGH,NA,NA,NA,NA,NA,NA,NA,{BAF0DD75-9BCF-4BA6-A012-8EB7C6211484},National Pipe & Plastics/National PVC,110.46261997,2020-2433,8,NA,As Built,As Built,Not Provided,As Built,As Built,As Built,As Built,Not Provided,22.85,UG,23.22,NA,NA,NA,NA,NA,NA,1628490,110.46261996841409
1,JEA,INS,SDR26 / PR160,PVC,PVC,Unknown,114,gamaaw,gamaaw,2023-05-30T00:00:00Z,2023-05-30T00:00:00Z,2023-01-01T00:00:00Z,NA,NA,88753-80,1,16.5,16.9,0.35,G:\Services\Shared\STANDARD\AsBuilts\WaterSewer\88000_88999\88753-80.pdf,NA,NA,NA,NA,WW-005,-999,NA,2142,UNNAMED SLOUGH,NA,NA,NA,NA,NA,NA,NA,{F946F2B4-D47A-4ADF-953D-F788C556C673},National Pipe & Plastics/National PVC,113.37075344,2020-2433,8,NA,As Built,As Built,Not Provided,As Built,As Built,As Built,As Built,Not Provided,22.85,UG,23.21,NA,NA,NA,NA,NA,NA,1628491,113.37075343617671
1,JEA,INS,SDR26 / PR160,PVC,PVC,Unknown,175,gamaaw,gamaaw,2023-05-30T00:00:00Z,2023-05-30T00:00:00Z,2023-01-01T00:00:00Z,NA,NA,88753-80,1,16.9,17.53,0.35,G:\Services\Shared\STANDARD\AsBuilts\WaterSewer\88000_88999\88753-80.pdf,NA,NA,NA,NA,WW-005,-999,NA,2142,UNNAMED SLOUGH,NA,NA,NA,NA,NA,NA,NA,{D7E5FAA7-9A13-4390-B0A6-FC26A6550C24},National Pipe & Plastics/National PVC,172.45663145,2020-2433,8,NA,As Built,As Built,Not Provided,As Built,As Built,As Built,As Built,Not Provided,23.21,UG,23.93,NA,NA,NA,NA,NA,NA,1628492,172.45663145092036
1,JEA,INS,SDR26 / PR160,PVC,PVC,Unknown,100,gamaaw,gamaaw,2023-05-30T00:00:00Z,2023-05-30T00:00:00Z,2023-01-01T00:00:00Z,NA,NA,88753-80,1,17.62,17.98,0.36,G:\Services\Shared\STANDARD\AsBuilts\WaterSewer\88000_88999\88753-80.pdf,NA,NA,NA,NA,WW-005,-999,NA,2142,UNNAMED SLOUGH,NA,NA,NA,NA,NA,NA,NA,{F0209509-75C6-4D6F-9B2F-C7E6115E1CCA},National Pipe & Plastics/National PVC,99.81400034,2020-2433,8,NA,As Built,As Built,Not Provided,As Built,As Built,As Built,As Built,Not Provided,23.93,UG,23.74,NA,NA,NA,NA,NA,NA,1628493,99.81400034245429
1,JEA,INS,SDR26 / PR160,PVC,PVC,Unknown,150,gamaaw,gamaaw,2023-05-30T00:00:00Z,2023-05-30T00:00:00Z,2023-01-01T00:00:00Z,NA,NA,88753-80,1,17.51,18.14,0.42,G:\Services\Shared\STANDARD\AsBuilts\WaterSewer\88000_88999\88753-80.pdf,NA,NA,NA,NA,WW-005,-999,NA,2142,UNNAMED SLOUGH,NA,NA,NA,NA,NA,NA,NA,{74A234FF-2306-4BBD-9BA3-92A8B318E3BC},National Pipe & Plastics/National PVC,150.1364874,2020-2433,8,NA,As Built,As Built,Not Provided,As Built,As Built,As Built,As Built,Not Provided,23.37,UG,23.39,NA,NA,NA,NA,NA,NA,1628494,150.13648740464288
1,JEA,INS,SDR26 / PR160,PVC,PVC,Unknown,324,gamaaw,gamaaw,2023-05-30T00:00:00Z,2023-05-30T00:00:00Z,2023-01-01T00:00:00Z,NA,NA,88753-80,1,11.22,12.35,0.35,G:\Services\Shared\STANDARD\AsBuilts\WaterSewer\88000_88999\88753-80.pdf,NA,NA,NA,NA,WW-005,-999,NA,2142,UNNAMED SLOUGH,NA,NA,NA,NA,NA,NA,NA,{70DDB175-7FDC-48B3-B653-2924630E4B83},National Pipe & Plastics/National PVC,326.09963569,2020-2433,8,NA,As Built,As Built,Not Provided,As Built,As Built,As Built,As Built,Not Provided,24.65,UG,24.12,NA,NA,NA,NA,NA,NA,1628495,326.0996356885871
1,JEA,INS,SDR26 / PR160,PVC,PVC,Unknown,99,gamaaw,gamaaw,2023-05-30T00:00:00Z,2023-05-30T00:00:00Z,2023-01-01T00:00:00Z,NA,NA,88753-80,1,12.4,12.75,0.35,G:\Services\Shared\STANDARD\AsBuilts\WaterSewer\88000_88999\88753-80.pdf,NA,NA,NA,NA,WW-005,-999,NA,2142,UNNAMED SLOUGH,NA,NA,NA,NA,NA,NA,NA,{19CB519C-BA28-4BD7-8579-B60D6B7CD4A2},National Pipe & Plastics/National PVC,93.40017917,2020-2433,8,NA,As Built,As Built,Not Provided,As Built,As Built,As Built,As Built,Not Provided,24.12,UG,24.42,NA,NA,NA,NA,NA,NA,1628496,93.40017917061391
1,JEA,INS,SDR26 / PR160,PVC,PVC,Unknown,84,gamaaw,gamaaw,2023-05-30T00:00:00Z,2023-05-30T00:00:00Z,2023-01-01T00:00:00Z,NA,NA,88753-80,1,12.76,13.06,0.35,G:\Services\Shared\STANDARD\AsBuilts\WaterSewer\88000_88999\88753-80.pdf,NA,NA,NA,NA,WW-005,-999,NA,2142,UNNAMED SLOUGH,NA,NA,NA,NA,NA,NA,NA,{8F3F5BEB-4A32-470A-9A4C-4FF02DA823BA},National Pipe & Plastics/National PVC,86.65220632,2020-2433,8,NA,As Built,As Built,Not Provided,As Built,As Built,As Built,As Built,Not Provided,24.42,UG,24.77,NA,NA,NA,NA,NA,NA,1628497,86.65220632179091
1,JEA,INS,SDR26 / PR160,PVC,PVC,Unknown,139,gamaaw,gamaaw,2023-05-30T00:00:00Z,2023-05-30T00:00:00Z,2023-01-01T00:00:00Z,NA,NA,88753-80,1,12.756,13.56,0.36,G:\Services\Shared\STANDARD\AsBuilts\WaterSewer\88000_88999\88753-80.pdf,NA,NA,NA,NA,WW-005,-999,NA,2142,UNNAMED SLOUGH,NA,NA,NA,NA,NA,NA,NA,{57BFBC12-A36E-427D-BEA6-E1ED6F518E97},National Pipe & Plastics/National PVC,138.32687645,2020-2433,8,NA,As Built,As Built,Not Provided,As Built,As Built,As Built,As Built,Not Provided,24.77,UG,23.92,NA,NA,NA,NA,NA,NA,1628498,138.3268764538778
1,JEA,INS,SDR26 / PR160,PVC,PVC,Unknown,266,gamaaw,gamaaw,2023-05-30T00:00:00Z,2023-05-30T00:00:00Z,2023-01-01T00:00:00Z,NA,NA,88753-80,1,13.62,14.6,0.37,G:\Services\Shared\STANDARD\AsBuilts\WaterSewer\88000_88999\88753-80.pdf,NA,NA,NA,NA,WW-005,-999,NA,2142,UNNAMED SLOUGH,NA,NA,NA,NA,NA,NA,NA,{18B86D84-EE86-42FE-B08D-E5D9C2DEB103},National Pipe & Plastics/National PVC,265.04778741,2020-2433,8,NA,As Built,As Built,Not Provided,As Built,As Built,As Built,As Built,Not Provided,23.92,UG,24.38,NA,NA,NA,NA,NA,NA,1628499,265.04778740868414
1,JEA,INS,SDR26 / PR160,PVC,PVC,Unknown,218,gamaaw,gamaaw,2023-05-30T00:00:00Z,2023-05-30T00:00:00Z,2023-01-01T00:00:00Z,NA,NA,88753-80,1,17.14,17.91,0.35,G:\Services\Shared\STANDARD\AsBuilts\WaterSewer\88000_88999\88753-80.pdf,NA,NA,NA,NA,WW-005,-999,NA,2142,UNNAMED SLOUGH,NA,NA,NA,NA,NA,NA,NA,{0F5E225D-9D99-4D1C-A43A-7F91800F676A},National Pipe & Plastics/National PVC,214.36224784,2020-2433,8,NA,As Built,As Built,Not Provided,As Built,As Built,As Built,As Built,Not Provided,24.77,UG,23.58,NA,NA,NA,NA,NA,NA,1628500,214.3622478402329
1,JEA,INS,SDR26 / PR160,PVC,PVC,Unknown,300,gamaaw,gamaaw,2023-05-30T00:00:00Z,2023-05-30T00:00:00Z,2023-01-01T00:00:00Z,NA,NA,88753-80,1,15.44,16.49,0.35,G:\Services\Shared\STANDARD\AsBuilts\WaterSewer\88000_88999\88753-80.pdf,NA,NA,NA,NA,WW-005,-999,NA,2142,UNNAMED SLOUGH,NA,NA,NA,NA,NA,NA,NA,{5279BF0D-2AC9-4D2E-84E0-0E47028A9B47},National Pipe & Plastics/National PVC,306.53191476,2020-2433,8,NA,As Built,As Built,Not Provided,As Built,As Built,As Built,As Built,Not Provided,23.67,UG,22.85,NA,NA,NA,NA,NA,NA,1628501,306.5319147603719
1,JEA,INS,SDR26 / PR160,PVC,PVC,Unknown,232,gamaaw,gamaaw,2023-05-30T00:00:00Z,2023-05-30T00:00:00Z,2023-01-01T00:00:00Z,NA,NA,88753-80,1,14.62,15.43,0.35,G:\Services\Shared\STANDARD\AsBuilts\WaterSewer\88000_88999\88753-80.pdf,NA,NA,NA,NA,WW-005,-999,NA,2142,UNNAMED SLOUGH,NA,NA,NA,NA,NA,NA,NA,{7D680A43-CFD4-43D3-B499-85D244C4B610},National Pipe & Plastics/National PVC,225.06618452,2020-2433,8,NA,As Built,As Built,Not Provided,As Built,As Built,As Built,As Built,Not Provided,24.38,UG,23.67,NA,NA,NA,NA,NA,NA,1628502,225.06618451559854
1,JEA,INS,SDR26 / PR160,PVC,PVC,Unknown,106,gamaaw,gamaaw,2023-05-30T00:00:00Z,2023-05-30T00:00:00Z,2023-01-01T00:00:00Z,NA,NA,88753-80,1,18.68,19.05,0.35,G:\Services\Shared\STANDARD\AsBuilts\WaterSewer\88000_88999\88753-80.pdf,NA,NA,NA,NA,WW-005,-999,NA,2142,UNNAMED SLOUGH,NA,NA,NA,NA,NA,NA,NA,{6742C93F-1D89-48A0-B519-D2294AA9CC2F},National Pipe & Plastics/National PVC,105.1002664,2020-2433,8,NA,As Built,As Built,Not Provided,As Built,As Built,As Built,As Built,Not Provided,24.38,UG,24.51,NA,NA,NA,NA,NA,NA,1628503,105.10026640371018
1,JEA,INS,SDR26 / PR160,PVC,PVC,Unknown,150,gamaaw,gamaaw,2023-09-06T00:00:00Z,2023-09-06T00:00:00Z,2022-10-01T00:00:00Z,NA,NA,87789-813,1,10.23,9.75,0.35,G:\Services\Shared\STANDARD\AsBuilts\WaterSewer\87000_87999\87789-813.pdf,NA,NA,NA,NA,WW-005,-999,NA,2142,UNNAMED SLOUGH,NA,NA,NA,NA,NA,NA,NA,{10EDDCBD-07C0-4F66-B1AD-A70C4F354223},National Pipe & Plastics/National PVC,149.08691201,2020-2433,8,NA,As Built,As Built,Not Provided,As Built,As Built,As Built,As Built,Not Provided,23.09,UG,22.87,NA,NA,NA,NA,NA,NA,1686079,149.08691201183925
1,JEA,INS,SDR26 / PR160,PVC,PVC,Unknown,272,gamaaw,gamaaw,2023-09-06T00:00:00Z,2023-09-06T00:00:00Z,2022-10-01T00:00:00Z,NA,NA,87789-813,1,11.2,10.23,0.35,G:\Services\Shared\STANDARD\AsBuilts\WaterSewer\87000_87999\87789-813.pdf,NA,NA,NA,NA,WW-005,-999,NA,2142,UNNAMED SLOUGH,NA,NA,NA,NA,NA,NA,NA,{56510848-2E32-4EC0-B0C9-2B1F58761B95},National Pipe & Plastics/National PVC,273.42752166,2020-2433,8,NA,As Built,As Built,Not Provided,As Built,As Built,As Built,As Built,Not Provided,23.09,UG,22.87,NA,NA,NA,NA,NA,NA,1686080,273.4275216617222
1,JEA,INS,SDR26 / PR160,PVC,PVC,Unknown,272,gamaaw,gamaaw,2023-09-06T00:00:00Z,2023-09-07T00:00:00Z,2022-10-01T00:00:00Z,NA,NA,87789-813,1,17.31,16.21,0.45,G:\Services\Shared\STANDARD\AsBuilts\WaterSewer\87000_87999\87789-813.pdf,NA,NA,NA,NA,WW-005,-999,NA,2142,UNNAMED SLOUGH,NA,NA,NA,NA,NA,NA,NA,{AE8EAA0A-8F32-47F5-A42D-8BAC0A903AA2},National Pipe & Plastics/National PVC,275.38320673,2020-2433,8,NA,As Built,As Built,Not Provided,As Built,As Built,As Built,As Built,Not Provided,22.87,UG,24.65,NA,NA,NA,NA,NA,NA,1686081,275.38320672516835
1,JEA,INS,SDR26 / PR160,PVC,PVC,Unknown,243,gamaaw,gamaaw,2023-09-06T00:00:00Z,2023-09-06T00:00:00Z,2022-10-01T00:00:00Z,NA,NA,87789-813,1,12.12,11.25,0.36,G:\Services\Shared\STANDARD\AsBuilts\WaterSewer\87000_87999\87789-813.pdf,NA,NA,NA,NA,WW-005,-999,NA,2142,UNNAMED SLOUGH,NA,NA,NA,NA,NA,NA,NA,{0CE121B5-CF97-4DEF-9FE1-87D496DF4356},National Pipe & Plastics/National PVC,244.89684544,2020-2433,8,NA,As Built,As Built,Not Provided,As Built,As Built,As Built,As Built,Not Provided,22.87,UG,24.65,NA,NA,NA,NA,NA,NA,1686082,244.8968454403424
1,JEA,INS,SDR26 / PR160,PVC,PVC,Unknown,243,gamaaw,gamaaw,2023-09-06T00:00:00Z,2023-09-07T00:00:00Z,2022-10-01T00:00:00Z,NA,NA,87789-813,1,18.12,17.11,0.41,G:\Services\Shared\STANDARD\AsBuilts\WaterSewer\87000_87999\87789-813.pdf,NA,NA,NA,NA,WW-005,-999,NA,2142,UNNAMED SLOUGH,NA,NA,NA,NA,NA,NA,NA,{8C1B5E0C-4831-4D49-A530-7D5996055EF1},National Pipe & Plastics/National PVC,247.05945844,2020-2433,8,NA,As Built,As Built,Not Provided,As Built,As Built,As Built,As Built,Not Provided,22.87,UG,24.65,NA,NA,NA,NA,NA,NA,1686083,247.05945844047744
1,JEA,INS,SDR26 / PR160,PVC,PVC,Unknown,103,gamaaw,gamaaw,2023-09-06T00:00:00Z,2023-09-07T00:00:00Z,2022-10-01T00:00:00Z,NA,NA,87789-813,1,12.52,12.14,0.37,G:\Services\Shared\STANDARD\AsBuilts\WaterSewer\87000_87999\87789-813.pdf,NA,NA,NA,NA,WW-005,-999,NA,2142,UNNAMED SLOUGH,NA,NA,NA,NA,NA,NA,NA,{65BB220E-028B-43AE-965B-22070BD1AFD8},National Pipe & Plastics/National PVC,101.32600139,2020-2433,8,NA,As Built,As Built,Not Provided,As Built,As Built,As Built,As Built,Not Provided,24.67,UG,24.12,NA,NA,NA,NA,NA,NA,1686084,101.32600138543245
1,JEA,INS,SDR26 / PR160,PVC,PVC,Unknown,196,gamaaw,gamaaw,2023-09-06T00:00:00Z,2023-09-07T00:00:00Z,2022-10-01T00:00:00Z,NA,NA,87789-813,1,19.05,18.12,0.47,G:\Services\Shared\STANDARD\AsBuilts\WaterSewer\87000_87999\87789-813.pdf,NA,NA,NA,NA,WW-005,-999,NA,2142,UNNAMED SLOUGH,NA,NA,NA,NA,NA,NA,NA,{6A9A8D76-593E-4CC2-AB0F-94045576421A},National Pipe & Plastics/National PVC,196.88084813,2020-2433,8,NA,As Built,As Built,Not Provided,As Built,As Built,As Built,As Built,Not Provided,24.12,UG,24.78,NA,NA,NA,NA,NA,NA,1686085,196.88084813450598
1,JEA,INS,SDR26 / PR160,PVC,PVC,Unknown,222,gamaaw,gamaaw,2023-09-06T00:00:00Z,2023-09-07T00:00:00Z,2022-10-01T00:00:00Z,NA,NA,87789-813,1,13.3,12.59,0.35,G:\Services\Shared\STANDARD\AsBuilts\WaterSewer\87000_87999\87789-813.pdf,NA,NA,NA,NA,WW-005,-999,NA,2142,UNNAMED SLOUGH,NA,NA,NA,NA,NA,NA,NA,{D8FC72C4-E830-4D60-827F-AC86F2702B56},National Pipe & Plastics/National PVC,216.97920548,2020-2433,8,NA,As Built,As Built,Not Provided,As Built,As Built,As Built,As Built,Not Provided,24.12,UG,24.63,NA,NA,NA,NA,NA,NA,1686086,216.97920547729072
1,JEA,INS,SDR26 / PR160,PVC,PVC,Unknown,228,gamaaw,gamaaw,2023-09-06T00:00:00Z,2023-09-07T00:00:00Z,2022-10-01T00:00:00Z,NA,NA,87789-813,1,14.1,13.31,0.35,G:\Services\Shared\STANDARD\AsBuilts\WaterSewer\87000_87999\87789-813.pdf,NA,NA,NA,NA,WW-005,-999,NA,2142,UNNAMED SLOUGH,NA,NA,NA,NA,NA,NA,NA,{17253795-6FC8-4122-B235-44AEAF4B9308},National Pipe & Plastics/National PVC,229.55039499,2020-2433,8,NA,As Built,As Built,Not Provided,As Built,As Built,As Built,As Built,Not Provided,24.63,UG,24.99,NA,NA,NA,NA,NA,NA,1686087,229.5503949895378
1,JEA,INS,SDR26 / PR160,PVC,PVC,Unknown,287,gamaaw,gamaaw,2023-09-06T00:00:00Z,2023-09-07T00:00:00Z,2022-10-01T00:00:00Z,NA,NA,87789-813,1,15.85,14.85,0.35,G:\Services\Shared\STANDARD\AsBuilts\WaterSewer\87000_87999\87789-813.pdf,NA,NA,NA,NA,WW-005,-999,NA,2142,UNNAMED SLOUGH,NA,NA,NA,NA,NA,NA,NA,{D8ADAAEA-62C9-4798-A511-FF537B47C270},National Pipe & Plastics/National PVC,281.70039829,2020-2433,8,NA,As Built,As Built,Not Provided,As Built,As Built,As Built,As Built,Not Provided,24.99,UG,24.37,NA,NA,NA,NA,NA,NA,1686088,281.700398289095
1,JEA,INS,SDR26 / PR160,PVC,PVC,Unknown,172,gamaaw,gamaaw,2023-09-06T00:00:00Z,2023-09-07T00:00:00Z,2022-10-01T00:00:00Z,NA,NA,87789-813,1,16.5,15.89,0.35,G:\Services\Shared\STANDARD\AsBuilts\WaterSewer\87000_87999\87789-813.pdf,NA,NA,NA,NA,WW-005,-999,NA,2142,UNNAMED SLOUGH,NA,NA,NA,NA,NA,NA,NA,{04CD1540-93EE-4B49-A18B-A65F1667D7E4},National Pipe & Plastics/National PVC,178.09670405,2020-2433,8,NA,As Built,As Built,Not Provided,As Built,As Built,As Built,As Built,Not Provided,24.37,UG,25.53,NA,NA,NA,NA,NA,NA,1686089,178.09670405176627
1,JEA,INS,SDR26 / PR160,PVC,PVC,Unknown,95,gamaaw,gamaaw,2023-09-06T00:00:00Z,2023-09-07T00:00:00Z,2022-10-01T00:00:00Z,NA,NA,87789-813,1,18.9,18.45,0.47,G:\Services\Shared\STANDARD\AsBuilts\WaterSewer\87000_87999\87789-813.pdf,NA,NA,NA,NA,WW-005,-999,NA,2142,UNNAMED SLOUGH,NA,NA,NA,NA,NA,NA,NA,{3FC1D8D1-FA57-4183-8CA2-3B17C8E25DCF},National Pipe & Plastics/National PVC,94.45672623,2020-2433,8,NA,As Built,As Built,Not Provided,As Built,As Built,As Built,As Built,Not Provided,25.53,UG,24.66,NA,NA,NA,NA,NA,NA,1686090,94.45672622662109
1,JEA,INS,SDR26 / PR160,PVC,PVC,Unknown,109,gamaaw,gamaaw,2023-09-06T00:00:00Z,2023-09-07T00:00:00Z,2022-10-01T00:00:00Z,NA,NA,87789-813,1,17.05,16.59,0.42,G:\Services\Shared\STANDARD\AsBuilts\WaterSewer\87000_87999\87789-813.pdf,NA,NA,NA,NA,WW-005,-999,NA,2142,UNNAMED SLOUGH,NA,NA,NA,NA,NA,NA,NA,{8C41BA64-8C6C-4847-B3A0-473135ECC8D3},National Pipe & Plastics/National PVC,108.86521454,2020-2433,8,NA,As Built,As Built,Not Provided,As Built,As Built,As Built,As Built,Not Provided,25.53,UG,24.71,NA,NA,NA,NA,NA,NA,1686091,108.86521453751541
1,JEA,INS,SDR26 / PR160,PVC,PVC,Unknown,395,gamaaw,gamaaw,2023-09-06T00:00:00Z,2023-09-07T00:00:00Z,2022-10-01T00:00:00Z,NA,NA,87789-813,1,18.79,17.26,0.38,G:\Services\Shared\STANDARD\AsBuilts\WaterSewer\87000_87999\87789-813.pdf,NA,NA,NA,NA,WW-005,-999,NA,2142,UNNAMED SLOUGH,NA,NA,NA,NA,NA,NA,NA,{D67AE05D-AC79-4BC3-BE85-9E39A7CA27B4},National Pipe & Plastics/National PVC,387.93157789,2020-2433,8,NA,As Built,As Built,Not Provided,As Built,As Built,As Built,As Built,Not Provided,24.71,UG,24.12,NA,NA,NA,NA,NA,NA,1686092,387.93157789230713
1,JEA,INS,SDR26 / PR160,PVC,PVC,Unknown,115,gamaaw,parsjn,2023-09-06T00:00:00Z,2024-02-08T00:00:00Z,2022-10-01T00:00:00Z,NA,NA,87789-813,1,20.23,19.69,0.47,G:\Services\Shared\STANDARD\AsBuilts\WaterSewer\87000_87999\87789-813.pdf,NA,NA,NA,NA,WW-005,-999,NA,2142,UNNAMED SLOUGH,NA,NA,NA,NA,NA,NA,NA,{91886A9A-DB46-40BC-9AAD-C4AED788D7A3},National Pipe & Plastics/National PVC,113.67607321,2020-2433,8,NA,As Built,As Built,Not Provided,As Built,As Built,As Built,As Built,Not Provided,24.52,UG,25.19,NA,NA,NA,NA,NA,NA,1686093,113.67607321222157
1,JEA,INS,SDR26 / PR160,PVC,PVC,Unknown,114,gamaaw,parsjn,2023-09-06T00:00:00Z,2024-02-08T00:00:00Z,2022-10-01T00:00:00Z,NA,NA,87789-813,1,19.6,19.19,0.36,G:\Services\Shared\STANDARD\AsBuilts\WaterSewer\87000_87999\87789-813.pdf,NA,NA,NA,NA,WW-005,-999,NA,2142,UNNAMED SLOUGH,NA,NA,NA,NA,NA,NA,NA,{8B747DDC-CAEE-4587-95AF-A0FA1D35650F},National Pipe & Plastics/National PVC,113.17581754,2020-2433,8,NA,As Built,As Built,Not Provided,As Built,As Built,As Built,As Built,Not Provided,24.93,UG,24.52,NA,NA,NA,NA,NA,NA,1686094,113.17581753970572
1,JEA,INS,SDR26 / PR160,PVC,PVC,Unknown,260,gamaaw,parsjn,2023-09-06T00:00:00Z,2024-02-08T00:00:00Z,2022-10-01T00:00:00Z,NA,NA,87789-813,1,19.11,18.13,0.37,G:\Services\Shared\STANDARD\AsBuilts\WaterSewer\87000_87999\87789-813.pdf,NA,NA,NA,NA,WW-005,-999,NA,2142,UNNAMED SLOUGH,NA,NA,NA,NA,NA,NA,NA,{6143CC82-8BA5-4C9E-A06B-2F72D375F07D},National Pipe & Plastics/National PVC,260.09492441,2020-2433,8,NA,As Built,As Built,Not Provided,As Built,As Built,As Built,As Built,Not Provided,24.05,UG,24.93,NA,NA,NA,NA,NA,NA,1686095,260.0949244108481
1,JEA,INS,SDR26 / PR160,PVC,PVC,Unknown,213,gamaaw,parsjn,2023-09-06T00:00:00Z,2024-02-08T00:00:00Z,2022-10-01T00:00:00Z,NA,NA,87789-813,1,18.11,17.29,0.38,G:\Services\Shared\STANDARD\AsBuilts\WaterSewer\87000_87999\87789-813.pdf,NA,NA,NA,NA,WW-005,-999,NA,2142,UNNAMED SLOUGH,NA,NA,NA,NA,NA,NA,NA,{2FF82FD9-CBC6-4C5A-B3AF-B2BADC92BA62},National Pipe & Plastics/National PVC,212.57327122,2020-2433,8,NA,As Built,As Built,Not Provided,As Built,As Built,As Built,As Built,Not Provided,25,UG,24.05,NA,NA,NA,NA,NA,NA,1686096,212.57327122328329
1,JEA,INS,SDR26 / PR160,PVC,PVC,Unknown,199,gamaaw,parsjn,2023-09-06T00:00:00Z,2024-02-08T00:00:00Z,2022-10-01T00:00:00Z,NA,NA,87789-813,1,17.17,16.47,0.35,G:\Services\Shared\STANDARD\AsBuilts\WaterSewer\87000_87999\87789-813.pdf,NA,NA,NA,NA,WW-005,-999,NA,2142,UNNAMED SLOUGH,NA,NA,NA,NA,NA,NA,NA,{FD05685F-5F27-4395-AC87-CB8136B85E45},National Pipe & Plastics/National PVC,200.1261641,2020-2433,8,NA,As Built,As Built,Not Provided,As Built,As Built,As Built,As Built,Not Provided,24.68,UG,25,NA,NA,NA,NA,NA,NA,1686097,200.12616410353493
1,JEA,INS,SDR26 / PR160,PVC,PVC,Unknown,150,gamaaw,gamaaw,2023-09-06T00:00:00Z,2023-09-07T00:00:00Z,2022-10-01T00:00:00Z,NA,NA,87789-813,1,16.33,15.72,0.4,G:\Services\Shared\STANDARD\AsBuilts\WaterSewer\87000_87999\87789-813.pdf,NA,NA,NA,NA,WW-005,-999,NA,2142,UNNAMED SLOUGH,NA,NA,NA,NA,NA,NA,NA,{74229DFB-F2D8-4AF1-932B-3E70FF8F2F08},National Pipe & Plastics/National PVC,150.59013303,2020-2433,8,NA,As Built,As Built,Not Provided,As Built,As Built,As Built,As Built,Not Provided,25,UG,24.68,NA,NA,NA,NA,NA,NA,1686098,150.59013303240533
1,JEA,INS,SDR26 / PR160,PVC,PVC,Unknown,174,gamaaw,gamaaw,2023-09-06T00:00:00Z,2023-09-07T00:00:00Z,2022-10-01T00:00:00Z,NA,NA,87789-813,1,15.54,14.89,0.37,G:\Services\Shared\STANDARD\AsBuilts\WaterSewer\87000_87999\87789-813.pdf,NA,NA,NA,NA,WW-005,-999,NA,2142,UNNAMED SLOUGH,NA,NA,NA,NA,NA,NA,NA,{5895BED1-AB4A-4D43-A74F-4A12E9B70EC8},National Pipe & Plastics/National PVC,174.64393207,2020-2433,8,NA,As Built,As Built,Not Provided,As Built,As Built,As Built,As Built,Not Provided,25.42,UG,25,NA,NA,NA,NA,NA,NA,1686099,174.64393207297366
1,JEA,INS,SDR26 / PR160,PVC,PVC,Unknown,196,gamaaw,gamaaw,2023-09-06T00:00:00Z,2023-09-07T00:00:00Z,2022-10-01T00:00:00Z,NA,NA,87789-813,1,14.81,14.12,0.35,G:\Services\Shared\STANDARD\AsBuilts\WaterSewer\87000_87999\87789-813.pdf,NA,NA,NA,NA,WW-005,-999,NA,2142,UNNAMED SLOUGH,NA,NA,NA,NA,NA,NA,NA,{FEACA30D-575E-4662-8462-AB6A473D45E1},National Pipe & Plastics/National PVC,197.43082502,2020-2433,8,NA,As Built,As Built,Not Provided,As Built,As Built,As Built,As Built,Not Provided,24.99,UG,25.42,NA,NA,NA,NA,NA,NA,1686100,197.43082501972512
